Fund Name,P1,P2,P3,P4,P5,Topsis Score,Rank
M1,0,0.61,5.3,69.5,19.05,0.39617566357069584,7.0
M2,1,0.61,5.5,55.2,15.52,0.45101106392905654,4.0
M3,2,0.72,6.6,32.6,10.19,0.5923486561926531,2.0
M4,3,0.61,6.7,41.8,12.47,0.6739849879525978,1.0
M5,4,0.48,4.9,33.4,9.87,0.5027834838658459,3.0
M6,5,0.5,3.8,60.8,16.45,0.38658729465370784,8.0
M7,6,0.44,3.8,54.4,14.83,0.4356227450715068,5.0
M8,7,0.62,3.7,60.7,16.45,0.41804018229991075,6.0
